{"cameraMode":{"drawMode":0,"name":"Shaded","section":"Shading Mode"},"sceneLighting":true,"audioPlay":false,"sceneViewState":{"m_AlwaysRefresh":false,"showFog":true,"showSkybox":true,"showFlares":true,"showImageEffects":true,"showParticleSystems":true,"showVisualEffectGraphs":true,"m_FxEnabled":true},"in2DMode":false,"pivot":{"x":0.6357126235961914,"y":0.8807719349861145,"z":-0.5037199854850769},"rotation":{"x":-0.08449701219797135,"y":0.7452282309532166,"z":-0.09622408449649811,"w":-0.6544066667556763},"size":1.221988320350647,"orthographic":false}