{"cameraMode":{"drawMode":0,"name":"Shaded","section":"Shading Mode"},"sceneLighting":true,"audioPlay":false,"sceneViewState":{"m_AlwaysRefresh":false,"showFog":true,"showSkybox":true,"showFlares":true,"showImageEffects":true,"showParticleSystems":true,"showVisualEffectGraphs":true,"m_FxEnabled":true},"in2DMode":false,"pivot":{"x":-0.11741948127746582,"y":1.4388236999511719,"z":-2.2125301361083986},"rotation":{"x":0.006587517447769642,"y":0.9558907151222229,"z":0.02150212973356247,"w":-0.2928655743598938},"size":2.1603939533233644,"orthographic":false}